batch_id,created_at,keyword,background,question,answer
20260306_011104,2026-03-06 01:12:46,[교통 및 보행 안전] 광주 자치구 보행안전시설 관리 부실 및 안전사고 우려,"- 광주 자치구의 보행안전시설 관리가 부실하다는 감사위의 지적이 나옴.
- 보행자 안전을 위한 시설물의 점검 및 유지보수가 미흡하여 사고 발생 가능성이 높아짐.
- 감사 결과, 여러 자치구에서 보행안전시설의 관리 소홀로 인한 안전사고 우려가 제기됨.
- 보행안전시설의 관리 부실은 시민의 생명과 안전에 직접적인 영향을 미침.
- 행안부의 관리 감독 체계가 제대로 작동하지 않고 있다는 비판이 제기됨.","- 보행안전시설 관리 부실에 대한 책임은 누구에게 있습니까?
- 향후 보행안전시설 개선을 위한 구체적인 대책은 무엇입니까?","- 행안부는 보행안전시설 관리 체계의 전면 재점검을 실시할 예정임.
- 광주 자치구에 대한 특별 감사 및 관리 감독 강화 방안을 마련하고, 정기적인 점검 체계를 도입할 계획임.
- 보행안전시설 개선을 위한 예산을 증액하고, 관련 기관과의 협력 체계를 구축할 예정임.
- 보행안전시설에 대한 시민 의견 수렴을 위한 공청회를 개최하고, 개선 사항을 반영할 계획임.
- 향후 보행안전시설 관리 매뉴얼을 정비하고, 관련 교육을 강화하여 관리 인력을 전문화할 예정임."
20260306_011104,2026-03-06 01:12:46,[대형 참사 및 특별법] 이태원 참사 책임론 및 행정 방치 문제,"- 이태원 참사에 대한 책임론이 지속적으로 제기되고 있으며, 관련자들의 재판이 진행 중임.
- 박희영 용산구청장이 국힘 복당을 추진하는 가운데, 참사에 대한 책임을 회피하려는 모습이 비판받고 있음.
- 유족들은 윤석열 전 대통령의 청문회 출석을 촉구하며, 행정의 책임을 묻고 있음.
- 이태원 참사 이후 정부의 재난 대응 체계에 대한 신뢰가 크게 흔들리고 있음.
- 반복되는 사고에 대한 행정 방치가 문제로 지적되고 있음.","- 이태원 참사에 대한 정부의 책임은 무엇입니까?
- 향후 재난 대응 체계 개선을 위한 구체적인 방안은 무엇입니까?","- 정부는 이태원 참사에 대한 철저한 진상 조사와 책임자 처벌을 약속함.
- 재난 대응 매뉴얼을 전면 개정하고, 재난 발생 시 신속한 대응 체계를 구축할 계획임.
- 범부처 협력 체계를 강화하여 재난 대응의 일관성을 높일 예정임.
- 재난 대응 훈련을 정기적으로 실시하고, 시민 참여를 확대하여 재난 대응 능력을 향상시킬 계획임.
- 향후 재난 예방을 위한 정책 연구 및 개발을 지원하고, 관련 예산을 증액할 예정임."
20260306_011104,2026-03-06 01:12:46,[자연재난 대응] 산불 대응 체계의 인사 검증 실패 문제,"- 산불 대응 총력 시기에 산림청장이 음주사고로 면직되면서 대응 체계가 흔들림.
- 노조는 인사 검증 실패가 참사를 초래했다고 주장하며, 책임을 묻고 있음.
- 산불 대응 체계의 신뢰성이 크게 저하되었으며, 시민의 안전에 대한 우려가 커짐.
- 정부의 재난 대응 체계가 인사 문제로 인해 심각한 타격을 입고 있음.
- 산불 발생 시 신속한 대응이 이루어지지 않을 경우 인명 피해가 우려됨.","- 산불 대응 체계의 인사 검증 실패에 대한 책임은 누구에게 있습니까?
- 향후 산불 대응 체계 개선을 위한 구체적인 조치는 무엇입니까?","- 정부는 산불 대응 체계의 인사 검증 절차를 강화할 계획임.
- 산림청의 인사 관리 시스템을 전면 개편하고, 전문 인력을 확보할 예정임.
- 산불 발생 시 신속한 대응을 위한 매뉴얼을 정비하고, 관련 교육을 강화할 계획임.
- 산불 대응 전담 기구를 신설하여 전문성을 높이고, 재난 대응 체계를 강화할 예정임.
- 향후 산불 예방을 위한 캠페인을 실시하고, 시민 참여를 유도할 계획임."
20260306_011104,2026-03-06 01:12:46,[정보공개 및 기록 관리] 오산 옹벽 붕괴 사건의 총체적 부실 문제,"- 오산 옹벽 붕괴 사건에서 현대건설과 LH의 설계 및 관리 부실이 드러남.
- 국토부의 관리 감독 소홀로 인해 대형 사고가 발생했으며, 시민의 안전이 위협받고 있음.
- 사건 발생 후 정부의 책임 있는 대응이 부족하다는 비판이 제기됨.
- 사고 원인에 대한 철저한 조사가 필요하다는 목소리가 높아짐.
- 향후 유사 사건 방지를 위한 제도적 개선이 요구됨.","- 오산 옹벽 붕괴 사건에 대한 정부의 책임은 무엇입니까?
- 향후 건설 안전 관리 체계 개선을 위한 구체적인 방안은 무엇입니까?","- 정부는 오산 옹벽 붕괴 사건에 대한 철저한 진상 조사를 실시할 예정임.
- 건설 안전 관리 매뉴얼을 전면 개정하고, 관련 법령을 강화할 계획임.
- 건설 현장에 대한 정기적인 안전 점검을 의무화하고, 위반 시 강력한 처벌을 부과할 예정임.
- 사고 예방을 위한 교육 프로그램을 개발하고, 건설업체와의 협력 체계를 구축할 계획임.
- 향후 건설 안전 관련 예산을 증액하고, 연구개발을 지원할 예정임."
20260306_011104,2026-03-06 01:12:46,[디지털 정부 및 정보화] 국가 전산망 마비사태 예방을 위한 AI 정부 인프라 구축,"- 국가 전산망의 마비사태를 예방하기 위해 정부가 AI 기반의 인프라를 구축하기로 결정함.
- 전산망의 안정성을 높이기 위한 범부처 협력 체계가 필요하다는 인식이 확산됨.
- 데이터 보안 및 개인정보 보호에 대한 우려가 커지고 있으며, 이에 대한 대책이 요구됨.
- AI 정부 인프라 구축이 성공적으로 이루어질 경우, 행정 효율성이 크게 향상될 것으로 기대됨.
- 그러나 기술적 문제와 예산 확보가 주요한 도전 과제가 될 것으로 보임.","- AI 정부 인프라 구축에 대한 정부의 책임은 무엇입니까?
- 향후 전산망 안정성을 위한 구체적인 대책은 무엇입니까?","- 정부는 AI 정부 인프라 구축을 위한 예산을 확보하고, 관련 기술 개발을 지원할 예정임.
- 전산망의 안정성을 높이기 위한 정기적인 점검 및 유지보수 체계를 마련할 계획임.
- 데이터 보안 강화를 위한 법적 기준을 마련하고, 관련 교육을 실시할 예정임.
- 범부처 협력 체계를 구축하여 전산망 관리의 일관성을 높일 계획임.
- 향후 AI 기술을 활용한 예측 시스템을 도입하여 사고 예방에 힘쓸 예정임."
20260306_011104,2026-03-06 01:12:46,[사회단체 지원] 경기도자원봉사센터의 직장 내 괴롭힘 늑장 대응 논란,"- 경기도자원봉사센터에서 발생한 직장 내 괴롭힘 사건에 대한 늑장 대응이 논란이 되고 있음.
- 소극적인 행정으로 인해 피해자들이 2차 피해를 입고 있다는 지적이 제기됨.
- 사회단체의 관리 감독이 미흡하다는 비판이 커지고 있으며, 이에 대한 대책이 요구됨.
- 자원봉사센터의 신뢰성이 크게 저하되고 있으며, 자원봉사 활동에 대한 참여가 감소할 우려가 있음.
- 정부의 사회단체 지원 정책에 대한 재검토가 필요하다는 목소리가 높아짐.","- 경기도자원봉사센터의 직장 내 괴롭힘 사건에 대한 정부의 책임은 무엇입니까?
- 향후 사회단체 지원 체계 개선을 위한 구체적인 방안은 무엇입니까?","- 정부는 경기도자원봉사센터의 직장 내 괴롭힘 사건에 대한 철저한 조사를 실시할 예정임.
- 사회단체의 관리 감독 체계를 강화하고, 관련 법령을 정비할 계획임.
- 피해자 보호를 위한 상담 및 지원 시스템을 구축할 예정임.
- 자원봉사센터의 운영 투명성을 높이기 위한 감사 체계를 도입할 계획임.
- 향후 사회단체 지원 예산을 증액하고, 교육 프로그램을 개발하여 인식 개선에 힘쓸 예정임."
20260306_011104,2026-03-06 01:12:46,[행정혁신 및 적극행정] 공직자 윤리법 논란 및 경찰의 직행 문제,"- 경찰이 공직자 윤리법을 위반하여 변호사로 직행한 사건이 논란이 되고 있음.
- 공직자의 윤리 의식 부족이 문제로 지적되며, 이에 대한 대책이 요구됨.
- 공직자 윤리법의 실효성에 대한 의문이 제기되고 있으며, 제도 개선이 필요하다는 목소리가 높아짐.
- 경찰의 직행 문제는 공직자의 신뢰성을 크게 저하시키고 있음.
- 정부의 공직자 윤리 관리 체계에 대한 재검토가 필요하다는 의견이 제기됨.","- 경찰의 공직자 윤리법 위반에 대한 정부의 책임은 무엇입니까?
- 향후 공직자 윤리 관리 체계 개선을 위한 구체적인 방안은 무엇입니까?","- 정부는 경찰의 공직자 윤리법 위반에 대한 철저한 조사를 실시할 예정임.
- 공직자 윤리법의 개정을 추진하고, 위반 시 강력한 처벌을 부과할 계획임.
- 공직자 윤리 교육을 강화하고, 정기적인 점검 체계를 마련할 예정임.
- 공직자 윤리 관리 전담 기구를 신설하여 전문성을 높일 계획임.
- 향후 공직자 윤리 관련 캠페인을 실시하여 인식 개선에 힘쓸 예정임."
20260306_011104,2026-03-06 01:12:46,[지방자치 제도 및 분권] 충남‧대전 행정통합법 통과에 따른 논란,"- 충남과 대전의 행정통합법이 행안위를 통과하면서 논란이 일고 있음.
- 지방선거를 앞두고 통합의 필요성과 효율성에 대한 의견이 분분함.
- 행정통합이 지역 주민의 의견을 반영하지 못하고 있다는 비판이 제기됨.
- 통합에 따른 행정 서비스의 질 저하 우려가 커지고 있음.
- 정부의 지방자치 제도에 대한 신뢰성이 흔들리고 있음.","- 충남‧대전 행정통합법 통과에 대한 정부의 책임은 무엇입니까?
- 향후 지방자치 제도 개선을 위한 구체적인 방안은 무엇입니까?","- 정부는 충남‧대전 행정통합법 통과에 대한 주민 의견 수렴을 강화할 예정임.
- 지방자치 제도의 개선을 위한 연구 및 정책 개발을 지원할 계획임.
- 행정통합에 따른 서비스 질 향상을 위한 방안을 마련할 예정임.
- 주민 참여를 확대하기 위한 공청회를 정기적으로 개최할 계획임.
- 향후 지방자치 관련 예산을 증액하고, 관련 교육을 실시하여 인식 개선에 힘쓸 예정임."
20260306_011104,2026-03-06 01:12:46,[소방 조직 및 인사] 소방노조의 '운명전쟁49' 논란,"- 소방노조가 '운명전쟁49'라는 캠페인을 통해 제복 공무원의 희생을 희화화하고 있다는 비판이 제기됨.
- 소방 공무원의 처우 개선이 필요하다는 목소리가 높아지고 있으며, 이에 대한 대책이 요구됨.
- 소방 조직의 신뢰성이 저하되고 있으며, 공무원들의 사기 저하가 우려됨.
- 정부의 소방 공무원 관리 체계에 대한 재검토가 필요하다는 의견이 제기됨.
- 소방 공무원의 안전과 처우 개선을 위한 정책이 시급히 마련되어야 함.","- 소방노조의 '운명전쟁49' 캠페인에 대한 정부의 책임은 무엇입니까?
- 향후 소방 공무원 처우 개선을 위한 구체적인 방안은 무엇입니까?","- 정부는 소방노조의 '운명전쟁49' 캠페인에 대한 철저한 조사를 실시할 예정임.
- 소방 공무원의 처우 개선을 위한 예산을 증액하고, 관련 법령을 정비할 계획임.
- 소방 공무원 안전을 위한 교육 프로그램을 개발하고, 정기적인 훈련을 실시할 예정임.
- 소방 조직의 신뢰성을 높이기 위한 캠페인을 실시하고, 시민 참여를 유도할 계획임.
- 향후 소방 공무원 관리 체계를 강화하여 전문성을 높일 예정임."
20260306_011104,2026-03-06 01:12:46,[민원 제도 개선] 민원 처리 지연 문제 및 소극 행정 비판,"- 민원 처리 지연 문제가 지속적으로 발생하고 있으며, 소극 행정이 비판받고 있음.
- 민원인의 권리가 침해되고 있다는 지적이 제기되며, 이에 대한 대책이 요구됨.
- 정부의 민원 처리 체계에 대한 신뢰성이 저하되고 있음.
- 민원 처리의 투명성을 높이기 위한 제도적 개선이 필요하다는 목소리가 높아짐.
- 민원인의 의견을 반영한 정책 개발이 시급히 이루어져야 함.","- 민원 처리 지연에 대한 정부의 책임은 무엇입니까?
- 향후 민원 제도 개선을 위한 구체적인 방안은 무엇입니까?","- 정부는 민원 처리 지연 문제에 대한 철저한 조사를 실시할 예정임.
- 민원 처리 체계를 전면 개편하고, 관련 법령을 정비할 계획임.
- 민원인의 의견을 수렴하기 위한 시스템을 구축하고, 정기적인 피드백을 실시할 예정임.
- 민원 처리의 투명성을 높이기 위한 감사 체계를 도입할 계획임.
- 향후 민원 처리 관련 예산을 증액하고, 교육 프로그램을 개발하여 인식 개선에 힘쓸 예정임."
